,20_categories of 2 act_relu,20_categories of 2 baseline,20_categories of 2 bn_no,20_categories of 2 dropout_025,20_categories of 2 dropout_075,20_categories of 2 dropout_0,20_categories of 2 ds_11_31,20_categories of 2 filters_128,20_categories of 2 filters_32,20_categories of 2 filter_3_3,20_categories of 2 filter_7_3,20_categories of 2 layers_2,20_categories of 2 layers_4,20_categories of 2 maxpool_2_2,20_categories of 3 Three_cates,60_categories of 2 baseline
2000-01-01,1.0,1.0,1.0,1.0,1.0,1.0,1.0,1.0,1.0,1.0,1.0,1.0,1.0,1.0,1.0,1.0
2000-01-31,1.1238338779166452,1.122517520255408,1.107287518497252,1.1204319261160969,1.072057713842871,1.0903158326657625,1.110035121960688,1.095639325237739,1.08894190882121,1.0853995585969676,1.0974272571449195,1.10761083480877,1.1235087269487574,1.0815727086378653,1.114978674934744,1.0155878748025764
2000-02-29,1.1523917944048776,1.1497556261577868,1.1381609302788394,1.145156997375229,1.1299510091394909,1.1227362632476792,1.1496742989973985,1.140023504785251,1.142569143080518,1.1367921037223032,1.1423432104792308,1.158459297892789,1.1576863714092591,1.1240094264538436,1.1461675858385414,
2000-03-31,1.1010938059409512,1.098629827651274,1.1082632517597175,1.101414048517265,1.101539182196168,1.0813957968670815,1.113786332479722,1.104974255843415,1.1124642176992798,1.0893675315395817,1.104938759771617,1.0997500431856813,1.1196036805141618,1.0823709030871762,1.090629845995506,0.957513998072024
2000-04-28,1.0673222807950826,1.0632222590805818,1.1011573568815376,1.0751314968656556,1.115516136177202,1.0553531496583648,1.0837177220805128,1.101645041666932,1.0829688213367916,1.0760586808763235,1.1045817706176029,1.076150775993584,1.0960329429816138,1.0860159936321645,1.0427765317225277,
2000-05-31,1.1594325421268286,1.154793568576795,1.1782875101796713,1.16423333454915,1.1909354065419724,1.1571828057100857,1.1586052922413597,1.1527972010927154,1.1232231596754585,1.1788696536583487,1.1983522345911306,1.1612949089034317,1.1758436055036423,1.1405356471860089,1.1276124272921575,1.0386611972929145
2000-06-30,1.1542517316344325,1.1512162080523691,1.1906736408182308,1.1596631030765732,1.2179480023392648,1.155729368062416,1.1458939513356163,1.162876149912945,1.1671426383480128,1.1983061609245182,1.2166316352721211,1.1631043033462047,1.193684917064382,1.1540889169206887,1.121388139492484,
2000-07-31,1.210874922021683,1.2085966888510846,1.2634988800796518,1.2211522640415386,1.3074345446221074,1.2241393517699406,1.2014349728723106,1.2370303871237749,1.2326048310812108,1.2742843575025145,1.2794489150304125,1.225801530351165,1.2516426084712984,1.2263212000737962,1.1717863990376738,1.005611512606654
2000-08-31,1.1684872589479185,1.16579872897874,1.2240975850029308,1.1820936412603775,1.2622538411437096,1.180260512358235,1.1637427586299487,1.1871313117191518,1.1885945869811754,1.2418701772282854,1.247886979891658,1.1879979160665937,1.2112235317474074,1.178966143462744,1.1304233004208966,
2000-09-29,1.0823499589478192,1.0788236564444769,1.158268973947545,1.0976984204097175,1.1682664612241995,1.0920862560262956,1.097506757052416,1.1169993572867924,1.099929536841609,1.1592271520782405,1.1793230455117365,1.1004731689644904,1.1210360371650103,1.0986967915064236,1.0471978575195575,0.8649379372780831
2000-10-31,0.9615003038532955,0.9592396183414452,1.035313574269343,0.9820322430998806,1.012081217613482,0.9820940884788788,0.9877709336730298,0.9712408572422716,0.971194429953811,0.9993113187432168,1.0432770445603574,0.99155224006242,1.0072286817015292,0.9601030254818244,0.9393270406999128,
2000-11-30,0.9635151067051642,0.9608652630248404,1.0519553903938978,0.984427899324395,1.0233581740062498,0.9811465325687576,0.9877753080239892,0.9839772901378054,0.9903473211250524,0.999801656597736,1.0542812821225185,0.9980790254166196,1.0114272045789798,0.9734665024867908,0.9402041566572582,0.9177105559739032
2000-12-29,1.260604813075724,1.2560224485799394,1.445002702072142,1.291480157138328,1.6147555866223111,1.3192596025930243,1.252106095297253,1.3723999502902595,1.4376231642108277,1.4502851580172087,1.4988165968300862,1.333099253103704,1.2987455199482525,1.420477514040425,1.1918070759364123,
2001-01-31,1.1496653925163325,1.146174410551536,1.3265725152494423,1.1795649838538769,1.561238362375699,1.20098087476935,1.1405687665565762,1.2463672215196686,1.3732946634554866,1.3432882355146432,1.4025082068982546,1.236035763298195,1.2080564693643832,1.3109616328862508,1.098965870018392,0.8447611200564048
2001-02-28,1.0586609409399856,1.0519052291759388,1.2332011485793262,1.0890067191419512,1.4135834875598707,1.1078691369938567,1.0514183674772737,1.1558520268382868,1.2646952602877255,1.2167949393063724,1.2841173060192883,1.1448894963749532,1.1153809118660754,1.2107289618663415,1.0147326145712685,
2001-03-30,1.1726372013847024,1.164035805796597,1.3808824333104253,1.199794506732865,1.6102027444871303,1.234547991956769,1.1636485530151015,1.3078576855329027,1.460004082306399,1.393256946275623,1.4620646443464738,1.2591917798494945,1.241645091095314,1.3825251859901428,1.1093165006837626,0.9249734890939448
2001-04-30,1.2485291882256877,1.2391952530504808,1.476039891556433,1.2745011971522089,1.7925281285461832,1.3106660669994457,1.2420431061837522,1.3860130605978978,1.5678549834001645,1.4980949146432778,1.5876294122662742,1.351236583225964,1.3253873573682182,1.4990294460985114,1.1904213630660831,
2001-05-31,1.2367566552967637,1.228245301324862,1.4668537323792112,1.2644263047306672,1.7535938410671243,1.295657705650448,1.2248232770310603,1.3680229849160113,1.5639352935921884,1.48898198549297,1.568769038771791,1.334472969522979,1.3230886178530488,1.4738685028794407,1.1814115596240475,0.905164038331728
2001-06-29,1.2175667653949265,1.210941000923077,1.4649874758542931,1.2489989035050169,1.7558815988125127,1.2839329336716665,1.210975294558151,1.383027768280851,1.5769987595299302,1.4847870130270648,1.5623418626060028,1.3324208172184062,1.309684465245535,1.4695954212407794,1.1634213195337362,
2001-07-31,1.188398338540374,1.1833525256402806,1.427525821491458,1.2194882042974295,1.7148532073948817,1.2565096764765071,1.208846780250654,1.3562279875387124,1.5463934124326757,1.4487440685923938,1.5258125870224726,1.301067608068045,1.2888339934265238,1.4424664569604175,1.13677443060353,0.8193341133135894
2001-08-31,1.0719421683396335,1.0669024875219086,1.3123949730462254,1.1034179420613104,1.5477556649469122,1.1271166708510696,1.102361013068008,1.2416112919504547,1.3918670579559207,1.3071494063179645,1.3850400306127943,1.1848417164274383,1.1871634129066777,1.3290315275068438,1.0244537428704077,
2001-09-28,1.2147985864589992,1.205719552947677,1.5154973764472277,1.2435933437091624,1.708916345426238,1.2684374195081043,1.248341804909447,1.446837863369229,1.6158765981722567,1.5040266614725188,1.5940400754759734,1.3200685643424903,1.3023834588557863,1.5545025050005172,1.137681847230978,1.006852042952759
2001-10-31,1.317037871536442,1.307624630934664,1.6491470674886646,1.3511492574531752,1.8653284411465183,1.3754721255852709,1.3544449616385008,1.5676372874286344,1.7371398535519869,1.6314824278115354,1.7284883901196213,1.4102875655002258,1.4123208988403806,1.6705001659975005,1.2289980342739362,
2001-11-30,1.3947454340871694,1.383969120402878,1.7447249100157387,1.4271776420003657,1.9846672642352152,1.4595127461127655,1.428313687125266,1.6556361058676274,1.8196486648805887,1.7275358039473343,1.826168835518448,1.4946872836777696,1.4926583649297298,1.7668127119361223,1.3027577937301789,1.0352865654809016
2001-12-31,1.4105577637649422,1.4010814838279233,1.7876560917002635,1.4510754455321506,2.096569343691267,1.484025687166394,1.4443148703756932,1.7086301543327975,1.854132334658947,1.792248801756645,1.8782684100826383,1.523520101751184,1.5434476211822885,1.82459119080405,1.3202241504525485,
2002-01-31,1.3974907020647669,1.3872410708928358,1.775146007241328,1.4403020035690288,2.0917200992436107,1.467426562713298,1.4477508418033669,1.695318121699035,1.8414953520738957,1.7491313820873489,1.877410060540993,1.5085919775521464,1.5338373845372817,1.8331174311264409,1.3048615891956934,1.0845125460781724
2002-02-28,1.495574946621112,1.4878844483601354,1.9117019656074283,1.542798476132114,2.293231168770608,1.5773516763544242,1.552243624780988,1.830277248117568,2.006090700733316,1.8926907681730267,2.02641637753008,1.6342788001691804,1.658437944906198,1.9844338318129373,1.4031449965589784,
2002-03-28,1.4838400168924752,1.476779751703627,1.9019776226031857,1.534580791823249,2.2736607694968454,1.5678763194130465,1.5482710574297396,1.8007635532747186,1.9474135924853435,1.8780038874649236,2.008861992039889,1.624442138795779,1.6594760340224517,1.9582381829812447,1.398086538299745,1.004298237407736
2002-04-30,1.462037182468361,1.454822932035014,1.8628366791850928,1.5156547116100272,2.2135608887543423,1.5430118952902163,1.537255190611057,1.770448895957229,1.8936017855126623,1.8569964797907303,1.9788001124127423,1.608298792095631,1.632801236430445,1.919074711542446,1.3800307909994114,
2002-05-31,1.3684215339713497,1.359754593284595,1.7389550977954986,1.4215425977813063,2.0766271259481788,1.4534382712419929,1.4511859723725975,1.644021902952515,1.767481821800363,1.7341014685638227,1.8567436846792145,1.5167298864196652,1.533027152946068,1.7769519547313015,1.2954417341346949,0.8748578411759025
2002-06-28,1.2503574724888555,1.2425320640274031,1.6095690875576738,1.2994590771453802,1.8965439137878384,1.3295836907524556,1.3227403931611204,1.5212444580560331,1.5972584792258155,1.5951241252464765,1.7169185354505323,1.386748608631352,1.4063863138590218,1.6332322527512366,1.1696208591529405,
2002-07-31,1.2587593961096777,1.248011345121424,1.638440015370291,1.3072650091517897,1.9356998533948049,1.3427477167994213,1.331602892852901,1.542212213568566,1.6088285563913172,1.632702420593349,1.736064413369515,1.3900233339478756,1.4223192318427516,1.6534911131034875,1.17414748893984,0.8205494481430139
2002-08-30,1.1541459371486125,1.1456747233884512,1.4963065028943927,1.1996674218481211,1.734003224204668,1.2338369524790556,1.223280771788398,1.4034376166322744,1.4751048986891118,1.4784171696360162,1.575481029671126,1.2751707746769576,1.3079722076268303,1.4992941640139903,1.0795904169204404,
2002-09-30,1.2026387312660038,1.1947928488334467,1.569459649147735,1.2492497725206226,1.827624150127008,1.288551345655348,1.2676627823376971,1.4717944023563143,1.5141108166175796,1.5577449231947489,1.655453645341674,1.325137041786728,1.356309314589786,1.5733917010606389,1.116229090877936,0.9060988432539796
2002-10-31,1.3437816318766866,1.3358568469624734,1.7293861277169584,1.3894460411574918,2.045311666742889,1.422713654381327,1.399966996653169,1.610880454905398,1.6223664037403729,1.7266476469884875,1.812226425702273,1.475763956905768,1.497226668783867,1.727545041141674,1.25003911087954,
2002-11-29,1.2673166399444975,1.260633907891559,1.632230618940662,1.3144921662711784,1.9698040251840752,1.3464512333812473,1.3367413531189158,1.5379234256883971,1.569411519034314,1.6405272431018685,1.7286906195825456,1.4119262261367351,1.4326801224389054,1.6614372982378118,1.1849773723569466,0.8295816912383016
2002-12-31,1.2680064051562177,1.2592748745426676,1.6437941451070448,1.3190437580987726,2.0100479952371737,1.3516660030774996,1.3509723878035411,1.54779752465769,1.5499231553805133,1.646843432761527,1.745105888710412,1.4141626346071705,1.442434010422341,1.673093863454566,1.1869681540228538,
2003-01-31,1.2457665324231966,1.2376631157533144,1.6139734276122826,1.298072944300685,1.943015751805132,1.3225953610743753,1.317466168815865,1.5179032462597055,1.5076469843088034,1.614253605243469,1.7094912998474452,1.395727545474372,1.4272621179263625,1.6384307707621415,1.1656780682453705,0.8882559897637444
2003-02-28,1.270027447594896,1.2607805247852657,1.6441015156628145,1.3226694378666846,1.979037808618576,1.3475861601504513,1.3532922539723402,1.5419168984130966,1.5151711237022725,1.6452076330640693,1.7505257247788306,1.4209616293227627,1.4524584193211196,1.662133723741212,1.1863852505806396,
2003-03-31,1.3957029171256188,1.3867376158253912,1.809441578574187,1.4536743643075898,2.1785766173266268,1.4742408232289663,1.4854055327763325,1.6967513751908048,1.6641731735469163,1.810052314713323,1.918670830530127,1.5588214285342978,1.5905362510643744,1.830234680825333,1.3009574522850809,1.100249888011309
2003-04-30,1.533955808867823,1.5254774850086044,1.9672125344915,1.5998661771085452,2.376341324852719,1.605591740339048,1.6307748265229056,1.8489668573966536,1.8485617047972132,1.970727110529433,2.083174322410713,1.7019180666308615,1.7378482206382444,1.9847441930108776,1.4366096716752574,
2003-05-30,1.6042189381183305,1.5961473979123195,2.044760746888508,1.6732534488538429,2.4637315865041542,1.6733585161233713,1.717985091842317,1.9209277001422904,1.9518433088790652,2.0701319241849125,2.183272836660966,1.7816388335011857,1.827160920196735,2.0522864565934724,1.5035949611653905,1.2142208913254868
2003-06-30,1.6824321308066157,1.6764514769149197,2.1457052324556747,1.757866365535692,2.632712044641379,1.762219512902398,1.813413846980044,2.0176190095626523,2.090397032667371,2.188549851229352,2.30300022130108,1.8788520881606805,1.9191113352514764,2.14991919126782,1.5851965328118178,
2003-07-31,1.7525773086280758,1.7469616609612728,2.2285449451148227,1.8343630982721004,2.798353087277891,1.835804299863743,1.881750406816194,2.1205499059383004,2.1884448246305674,2.288014699072332,2.3989907405870023,1.9493758600180573,1.9899898258458584,2.2399302921172475,1.6458804527641917,1.3292389525669233
2003-08-29,1.7880892126182104,1.7846232412183094,2.2680458948670936,1.8709474713859493,2.8959093932744047,1.8787382384786928,1.9094235866738791,2.153936199074296,2.2515504089844085,2.3612686246582437,2.456809910562908,1.9861855175142105,2.034316919583844,2.2827788068384685,1.6864714224670272,
2003-09-30,1.9266638910953868,1.9197993899674208,2.443570516579416,2.0108509155811625,3.14982773459038,2.021688107984433,2.0544918156899272,2.3230497403748727,2.455542748481335,2.571163291543621,2.653567631624126,2.1506257942192204,2.1904630236173666,2.4868465189195947,1.8104833899359052,1.5251827921728929
2003-10-31,2.0238717229982264,2.0175042778046794,2.606440441912077,2.118865006122358,3.419736106769796,2.122883741159569,2.1565736901351085,2.453818929371763,2.636759493165368,2.7229079317903904,2.798776025645792,2.280189090402703,2.3115089337352503,2.6455990822320143,1.9021031226285092,
2003-11-28,2.112095205215126,2.10640542317536,2.73339581987938,2.2122764809583138,3.6560678044327855,2.2222566245583604,2.239773898684143,2.5863209919863377,2.7829864903343875,2.859586869085696,2.928236769389651,2.3843020221454583,2.4091698450991337,2.78347371877533,1.9775647242625995,1.655642716162222
2003-12-31,2.2186085108447893,2.213734213126401,2.861517247022453,2.3246894186127887,4.022430561378365,2.3400949112182503,2.350117214971021,2.7137886220762013,3.001336113335907,3.05719257101478,3.1010187820757333,2.524080941311652,2.53043840966344,2.930414548257815,2.090448069381683,
2004-01-30,2.279182628323144,2.274988624613031,2.947588396201536,2.3907929727727537,4.159911169141656,2.4265353243145578,2.405775332090676,2.796836566953471,3.104935174975281,3.17788615872888,3.191894938406406,2.6080549883812,2.602056432353606,3.015705458637066,2.151371628183153,1.6890841521688853
2004-02-27,2.248446902953426,2.2473498897391453,2.9037314784598425,2.3637787386957907,4.146425591365231,2.3853782890520105,2.377701516076487,2.750218445616445,3.082763791051255,3.128068940943624,3.1704697476595083,2.56736532710723,2.578303362124861,2.987177986731244,2.1227909048696763,
2004-03-31,2.159291356498404,2.158765057558106,2.7981735990088,2.2753625142941067,3.9692125959022784,2.285039763003266,2.2828690444539474,2.6302573225838155,2.9848257299216283,3.005557725680416,3.0560841125098475,2.4533958209136504,2.480568216454898,2.857123314953644,2.0488194776588764,1.6510958894135133
2004-04-30,2.1780622607952287,2.174831437964361,2.8222585211961824,2.2918463498236004,4.042166641543696,2.3131089874234965,2.304903829271522,2.6670898692610243,3.0555519196907928,3.047044544459438,3.094048906024739,2.483663591446414,2.5086922025686054,2.904248676743158,2.0643824589272497,
2004-05-28,2.225063378918296,2.220822484806052,2.88085821377967,2.3397660467517905,4.159348696824544,2.3674700869977503,2.352187319088394,2.723203332903689,3.141207339305286,3.11658298535928,3.1655832406207867,2.5311941277727765,2.560620813866874,2.971684778356877,2.105982331301329,1.6320714044270337
2004-06-30,2.120613167272197,2.118738252520397,2.769394037613125,2.2331428329951155,4.06979087027649,2.2676272083053406,2.263013665234244,2.639032006668975,3.024174091320828,2.989328257910512,3.0561538532927157,2.434747951550124,2.4484212600616377,2.905853979429778,2.008007965627009,
2004-07-30,2.1253548260599997,2.123466366416038,2.7942397453500285,2.238243638301278,4.166506652527629,2.2706628685392256,2.2739407386205803,2.6654816567022803,3.1461469083934013,3.002045157167101,3.063426900986116,2.449760856412111,2.463434547990023,2.929634828717721,2.0047612192726447,1.711642198618814
2004-08-31,2.1980561045730758,2.1978760184317774,2.9005544576394096,2.317556703100222,4.364104312777129,2.3569959641007827,2.358722111942633,2.7654550318963125,3.25570355017548,3.1094280303173667,3.1894965209764377,2.5355830841364755,2.556660597054282,3.041955280691297,2.074959406477551,
2004-09-30,2.245266740238671,2.247178875779997,2.957616255392904,2.3658862761639394,4.460614678139041,2.409961188044623,2.4084950005894235,2.8235680885901497,3.304324850222881,3.165353357702923,3.2576373851476643,2.5734925554199246,2.5974415365528,3.117647985339938,2.1143773776470662,1.908673664296914
2004-10-29,2.406537524844327,2.4067124103535007,3.154461681973048,2.5304754829018115,4.845665813836082,2.59966256050416,2.5753151572134705,3.0154822682944635,3.506491793104148,3.416916201082125,3.490133249196312,2.7660869369856487,2.781954985112204,3.3400970331869133,2.275538361684886,
2004-11-30,2.5056086345040325,2.505501515498993,3.2702962060608862,2.630723899267152,5.045927996984188,2.696458292051249,2.677233672710192,3.1300478896100445,3.6680892556809024,3.5584113101337307,3.615973715468092,2.875319137553333,2.888992169793914,3.474029299159177,2.3713136111727025,1.985752179534136
2004-12-31,2.4327085586687907,2.433524407174109,3.194807238001017,2.5576690026549374,4.923339701122693,2.626987678623707,2.597976023777477,3.063650645544926,3.567568455499343,3.46802095291486,3.534918257177053,2.811998492076053,2.826200498056255,3.3886557383292435,2.3069089692116327,
2005-01-31,2.501618520938158,2.503168504085448,3.3093777310101995,2.633640200436182,5.101119993985567,2.709063680580084,2.6773689233876605,3.17186063272347,3.717067908458814,3.564330611203089,3.659012627226712,2.899820259723167,2.919774246207912,3.516121733814709,2.37142394203541,1.9183922655646968
2005-02-28,2.392095511811028,2.394583919717616,3.1607284787614,2.5233019076297207,4.885787474520001,2.5995658903747594,2.5747130935933225,3.050310870524737,3.489527293230551,3.410886551170371,3.5079413868955664,2.785505000504514,2.7992360679629607,3.407648355414257,2.268976869603444,
2005-03-31,2.2737814473511766,2.274033973419629,3.0275377789855558,2.397061812074765,4.619007369668774,2.4905619071021787,2.442859789079605,2.8955756943909408,3.2751667643796787,3.2359909017951654,3.3366462131045047,2.644606466751431,2.6747006032520924,3.233527229782468,2.1571321792346496,1.9628700420713023
2005-04-29,2.38709294283113,2.386621712274897,3.180958081136592,2.5097023961420293,4.9318515153869695,2.609260327682092,2.560805493160032,3.0681514137545025,3.4589916228980147,3.413320692893473,3.535657334429774,2.796086134126192,2.808247494377709,3.403530859092838,2.2568382297048126,
2005-05-31,2.467307777093448,2.4648480496635417,3.279456305838081,2.5951063326618766,5.084426716909243,2.700855726317962,2.6330063708516263,3.168171710353476,3.61720646649503,3.523683011559178,3.653649134203453,2.8973352341342213,2.8925608312528523,3.4964001700987657,2.332352736521296,2.0790991125432305
2005-06-30,2.6116032627464447,2.609859748058063,3.479785173169891,2.747225500852163,5.380437651663578,2.862209072116292,2.792115525318356,3.358796112915367,3.7838395842489057,3.725806475319336,3.8591056030550654,3.052946697383178,3.0528675424179803,3.6900710170373663,2.4714689570709014,
2005-07-29,2.552402420740547,2.5509349998565747,3.410010814930783,2.6879675503007503,5.393587708906269,2.8123314925817477,2.750968560942745,3.280808261437484,3.768762321863543,3.6607207009401854,3.786795983068312,2.992642676995693,3.003793437400862,3.6376467392536367,2.4188055493460885,2.01652406435382
2005-08-31,2.574514765885344,2.573145402580969,3.4349785417755228,2.7142474305753,5.438476942328732,2.8096171659997693,2.793304907576539,3.2981198766058157,3.822602103992229,3.670673932351535,3.8141335765689,3.0139773260879954,3.0225221654277754,3.664618074617556,2.4358394241195547,
2005-09-30,2.4534179450522866,2.452849557661837,3.276162388707946,2.586348925904193,5.242271446814708,2.690528653271114,2.6687452558359404,3.141489057525732,3.6046765833653622,3.511500613645551,3.6349488047367897,2.86862352813962,2.8731428339886347,3.483736524806342,2.3276869416248824,2.0604532829907587
2005-10-31,2.5464459196304703,2.54610555544593,3.4059769214470625,2.684677112363672,5.3795477820374655,2.795809238459525,2.7468844941257458,3.2802214060493484,3.719594594065853,3.6832606889378448,3.7748296594733057,2.981390239807945,2.9756929916484136,3.5960686753671576,2.4064000003153403,
2005-11-30,2.58108501369008,2.581578231790798,3.461725113960464,2.7245659731213765,5.487550281077598,2.842469968094396,2.781501929449024,3.333797565804144,3.811159033799402,3.7482283764822615,3.829794611970632,3.0147140970282384,3.012592215174085,3.6579673678323257,2.4447739067517547,2.238044304168243
2005-12-30,2.7820570616004963,2.7798391375335183,3.709712767872611,2.940407341337202,5.856558813070297,3.0527988183164787,2.973247852405413,3.565089128012168,4.033724758637296,4.026035067784144,4.097168155926134,3.2360050578883897,3.2283698409075603,3.9001407807713258,2.6347553044380945,
2006-01-31,2.8279440496634605,2.8244751153521293,3.7628437240612223,2.987586908601302,5.969553351790714,3.1078665148747944,3.006180704929113,3.609985865757528,4.089245515570845,4.11896851999212,4.181665497280914,3.2956620072322145,3.2712859896583386,3.9689560702301714,2.676022534692988,2.327586264185939
2006-02-28,2.887062417649475,2.8855428948787543,3.837928160246116,3.0486731754124805,6.1338354325632505,3.172228873041488,3.071446195790263,3.6858698035125546,4.156573453438935,4.216413966767824,4.269887505344314,3.367143750909962,3.335144367871115,4.058682366127378,2.733081581896029,
2006-03-31,2.9166755900477948,2.915055256605506,3.8820227955796818,3.0761380464532686,6.133041381109135,3.2146668565670344,3.1229659353499826,3.7141928678125535,4.1768571496259455,4.2616833965647,4.283628149850899,3.399849460721435,3.358570481294839,4.10156359207758,2.7556859370833227,2.175006631864532
2006-04-28,2.7991914403075797,2.801957323052379,3.729489630156764,2.950043439553499,5.897754082862544,3.0905486234697284,2.9994970568529435,3.562699054227147,4.035113747678352,4.091377716406007,4.099753918325351,3.2896799753326893,3.2335733002574942,3.949796636023368,2.651690839954276,
2006-05-31,2.715663514755777,2.714263467989656,3.6221413810348,2.861584457844489,5.714467366942353,2.986329455580139,2.9177133774312884,3.4670784823480005,3.886535970922023,3.95328972853164,3.978841969219341,3.1839504475075726,3.1290847621184965,3.8379496226529617,2.5702364016786303,2.149177589634864
2006-06-30,2.668613125767549,2.6651837257534616,3.551796811986641,2.8163115548608904,5.605690988715625,2.94107860948958,2.859941733178538,3.3973646868037872,3.776276311671614,3.9028182448085103,3.910645113093045,3.132834843686681,3.0593083044971507,3.7638921580107207,2.520284522481583,
2006-07-31,2.7041839769714726,2.700016892537488,3.5983087730009418,2.8515813102984247,5.737734741032899,2.98060720288256,2.889412284322117,3.466882481878346,3.7927668449474496,3.991042127043521,3.973568125625477,3.1805292055024315,3.0944644406780384,3.811066716719113,2.5462658813335897,2.302357600373951
2006-08-31,2.725333124193152,2.7221311164292845,3.638765281402984,2.871556077224282,5.716198080934273,2.999065629234614,2.9199024938144835,3.494549962216123,3.8270104507458607,4.013083321822666,4.0002333876190574,3.197735907140315,3.10595961878,3.846928485996218,2.569293386909455,
2006-09-29,2.847433280491683,2.844721990039845,3.804479158644533,3.00424249350822,5.985638240855226,3.1482770760445544,3.05799769294674,3.659134636588821,4.021808862441034,4.2191200570294445,4.200142172005432,3.3439788456497253,3.251896925214322,4.026518415353561,2.6848700245768784,2.5152600010763875
2006-10-31,2.9278268461385686,2.9292342323714142,3.92371863937473,3.0892416138769803,6.165335487049422,3.235002250319284,3.1395560329746304,3.770925524555184,4.138691549426742,4.364262837539519,4.317935428696845,3.4403016154728383,3.3487949060542506,4.138909206000991,2.757361964793476,
2006-11-30,2.9674305077878573,2.9691662702675097,3.971403926761442,3.128546450162971,6.226034100586288,3.280934742529945,3.17443956723532,3.8285665268148903,4.184490808172039,4.454620684157923,4.387598788599928,3.488875751913356,3.3968929428771237,4.191893303103464,2.8012286594309894,2.564304344677952
2006-12-29,3.025403797595719,3.025724323466463,4.027135724135212,3.186662582658315,6.296750330082956,3.3376887644365074,3.2267234005815117,3.904795656417376,4.2623244548989065,4.508396204606046,4.4645969725684855,3.5635085988053605,3.4495180281232485,4.273730613091316,2.864721161724997,
2007-01-31,3.0155546375509403,3.0171080345512906,4.01395778058841,3.1804731436616787,6.38437574358072,3.3442160129521583,3.2165019105947747,3.882114240001176,4.258993587766445,4.5419911561997015,4.46063833456208,3.5607043566817,3.447101967022121,4.276063903026705,2.854663883090946,2.710375514220261
2007-02-28,3.0318055013319847,3.03327158724516,4.051167524321813,3.20289536900546,6.419364889796663,3.363116860044768,3.239874361192648,3.901388618067659,4.283691733648616,4.5434040733904535,4.483631727459872,3.5852981174299843,3.473228643078828,4.291281466688372,2.867247735001509,
2007-03-30,3.1238157565207167,3.126185067628318,4.189811279142456,3.307132104841378,6.682743691920372,3.4713759019470998,3.326802103754308,4.024814928319401,4.453302807063996,4.682805092188501,4.628225834242397,3.702955890998785,3.592327880072106,4.440365214044835,2.9514983304709883,2.8397911778772165
2007-04-30,3.194107408112406,3.1969361568572308,4.305475138174493,3.3829345477404607,6.89081660992345,3.55995209998405,3.405004573216488,4.132087619111261,4.5559505409716605,4.781213741324501,4.741040467813536,3.7851294749647337,3.6811986007459234,4.545354194681515,3.0096636493165194,
2007-05-31,3.183539236827606,3.183135240169133,4.289324591303666,3.3723998991465587,6.831598009990453,3.544880572455899,3.390498477719748,4.117034763285725,4.559975532573861,4.756996326448193,4.730248238550479,3.763159689774435,3.659008542303301,4.548179207608788,2.989493385239722,2.709622555602784
2007-06-29,3.061060959464528,3.0616855266320595,4.113843587717401,3.244474289978951,6.545909095533276,3.402389142010635,3.2735914419133265,3.987447792739407,4.423719642435105,4.558861875694909,4.537261829813806,3.622313067992558,3.5162800669966963,4.38732078446378,2.870181532773153,
2007-07-31,2.965029174507732,2.966289811795515,4.009326397307836,3.144532903922712,6.318287589585311,3.3191937499581985,3.1643783850718283,3.872648364507503,4.278743828655352,4.446689731004276,4.386134747015188,3.5191048079985165,3.4121007122566294,4.233192365931038,2.780672203892013,2.796239250105591
2007-08-31,3.083438900900236,3.0880129308691124,4.177007753397216,3.271758385333108,6.609694293444663,3.4593641577808145,3.2816237434402358,4.043306394004848,4.446471031228305,4.645620344030732,4.563768382848706,3.664899508707317,3.545391124536258,4.381856362745747,2.893495682395229,
2007-09-28,3.129051199995156,3.1339940086575293,4.229282879919785,3.326746304246272,6.63791236553844,3.523298928094388,3.347547815011941,4.085741433454,4.512190147311152,4.687374997277127,4.606005815275197,3.719950309479481,3.6068170978378817,4.410223557425312,2.9308238285736943,2.7388919286181728
2007-10-31,2.89433451495924,2.900817183917975,3.91583412974508,3.0752807352815377,6.047726115027105,3.254959131965524,3.075930913738309,3.804991289099623,4.109997335332441,4.338497143157046,4.267884976511527,3.4484559801695926,3.328598676328747,4.082134792382512,2.7022912563736923,
2007-11-30,2.870302726613364,2.8799967126351724,3.85492141364893,3.0518205824982902,6.049062981721042,3.2307383083094248,3.0528039069579687,3.774306438371759,4.102254549415295,4.290584966320353,4.254956432764026,3.447812667070931,3.2943657943541207,4.056271050057152,2.679395179332845,2.57309633667423
2007-12-31,2.707069465002933,2.718056822239531,3.618000192666351,2.875099376065529,5.9854992316459565,3.0955100755771605,2.8914230553416567,3.6166359697510897,3.948216940906084,4.122793746117976,4.062562845646475,3.2780329676916966,3.1109394427986583,3.8976940230254833,2.529193406854872,
2008-01-31,2.6590969490096783,2.6669608911491136,3.5580566292442346,2.823377624238774,5.921448824032529,3.059251370850109,2.82955801925568,3.5566280197782216,3.890913284583775,4.094900577648732,4.012320963700429,3.248463415079788,3.0415678963791857,3.861133013626393,2.477668433654149,2.60883537487054
2008-02-29,2.622193310663418,2.629569494593628,3.550065857572936,2.782327206607432,5.911614087179914,3.0233628309356373,2.7814834175956955,3.530949212983458,3.901199411733048,4.059089261313291,3.981218555612843,3.217523816430376,3.014611150750441,3.8305034591416174,2.433665256865641,
2008-03-31,2.743845515074451,2.754000435653269,3.72961150250386,2.916592713081059,6.241002934401376,3.185585868054424,2.914804014480205,3.6918680912622457,4.125781944710135,4.290011887252966,4.163797459554607,3.370050771619885,3.1601684554852856,4.022761170732785,2.53511913935213,2.667907962096987
2008-04-30,2.827151541844532,2.842353528584844,3.851706590297552,3.007093945057864,6.34818237045648,3.287755926211644,2.9999142776248786,3.809211570377151,4.2393939547366015,4.418586022247133,4.2910319757726345,3.468819374887715,3.2510015588846803,4.140557885022213,2.6148918487074746,
2008-05-30,2.6094530538115004,2.623993581605082,3.577082778861324,2.779189507880014,5.698751669258331,3.0151792984323738,2.7660688042872748,3.524584666499805,3.870130123788704,4.047706548402246,3.9899006105154657,3.1937618127848584,2.997102034136017,3.83381968288866,2.405984160830791,2.414293286792659
2008-06-30,2.6278305515548417,2.6406024397202645,3.654596244665278,2.801703440600108,5.90883364238587,3.057394645777733,2.7976668805512417,3.5899548813664306,4.030597964566447,4.165971656451916,4.077052665679525,3.2308495939063326,3.055362878940885,3.929563766547621,2.418821933767336,
2008-07-31,2.7071495999582305,2.720185844575453,3.7754808841444487,2.8918964981583555,6.241537559624309,3.170282054821028,2.9027820994501146,3.730421495168406,4.213240650112316,4.283203201008003,4.211275496097287,3.312031192443881,3.162215460405526,4.076925173084021,2.483894141943267,1.622059570298389
2008-08-29,2.342647724222399,2.3512357414958904,3.311700021431005,2.5136455466904906,5.45784954861855,2.784928669165353,2.533882838824938,3.2595914043749934,3.5264661415110203,3.6905130835265,3.642755904548546,2.8751932596786656,2.735484379060698,3.576170394010544,2.142935689982921,
2008-09-30,1.731601997294236,1.7327628308034098,2.41659346398874,1.861437565038672,3.977869562001296,2.074446401084428,1.8214585749611976,2.369071875684733,2.470171834151429,2.7059999031311004,2.6344417058655467,2.1565244060561204,2.029261395776231,2.5158930809945983,1.586455251988043,1.136373850462759
2008-10-31,1.3805901791457231,1.3781877500845554,1.979690142749976,1.4884168767367,3.215121562098348,1.6825704210642267,1.461149550806433,1.891123880242912,2.0808247676562464,2.160117536688612,2.157090385278018,1.7209854490510057,1.65111338448888,2.0444784124742963,1.2665473877510474,
2008-11-28,1.3732421068500509,1.3714087125972851,2.0088492903837625,1.4844763776852623,3.188275032119633,1.695612357426026,1.4580817730386442,1.9797849407727173,2.378117801880057,2.195163801700686,2.2022360233057143,1.7159401239524463,1.607133554663612,2.147400069938343,1.2616747986031167,0.9962751637240942
2008-12-31,1.3574195620016034,1.3532432138457977,1.9814408334286064,1.471167109166369,3.4278451753743115,1.7045114707197546,1.4085138221373923,2.0759121434544423,2.5541681077687954,2.2526837736933687,2.2294841429474586,1.7261198187887254,1.6210521479995064,2.2862427761314508,1.2431910448712884,
2009-01-30,1.1340273946765205,1.1303838416164873,1.6703917453545938,1.2322235803720305,2.78656023331427,1.4136487206423574,1.17760593708831,1.7314590901994424,2.1135969137698725,1.8442823887119288,1.860392013566491,1.46558139048883,1.3734608644187936,1.8942615286216613,1.0448005312619717,1.1087029589041577
2009-02-27,1.294153754183175,1.2900244473000475,1.925675074400991,1.4033103848520123,3.18041615722852,1.6123106723564915,1.3685393213639645,1.9903616387239047,2.3830411871516266,2.142912445728083,2.12485703411823,1.662936245292983,1.557958554312697,2.1622836689096925,1.1859561148473354,
2009-03-31,1.5506407866490324,1.5471464276739155,2.3134559822540406,1.6774847690699397,3.8615387938657055,1.929475895302378,1.6347204558356825,2.3678752500466227,2.8156173876737083,2.5996928655661304,2.528711619673844,2.007221431464873,1.863205679170828,2.59483138142301,1.4219897204488308,1.4343409552099324
2009-04-30,1.7000430065593664,1.6954737107454678,2.5185694754691883,1.8458787658875715,4.200488701721697,2.120385894108233,1.7848737397262666,2.626080842794049,3.07015435687619,2.8302180118380025,2.774230899113027,2.181065857972732,2.0413327287560885,2.857605624943228,1.5672717451473075,
2009-05-29,1.7478907178355845,1.7420001220852284,2.5752086227181485,1.896241527362138,4.582724052349894,2.182154381411649,1.806487659875664,2.6939942652976048,3.166385716919828,2.946975940002038,2.8664358610450997,2.233871256556521,2.1045397976192763,2.9588803139437423,1.613571637004377,1.6579912818936189
2009-06-30,1.8680565958579087,1.8600276115240264,2.75485056435081,2.023548294846687,4.958037140475405,2.3371763964093484,1.92223990275087,2.8777823437915067,3.3839088366450265,3.153600366274897,3.072610122528866,2.393296937295498,2.256255557995228,3.1782795590164934,1.7269777161387043,
2009-07-31,1.974531798252097,1.967333139813464,2.8974197390626584,2.1344927179483686,5.217208205974297,2.469254173577025,2.02757661188517,3.026923751563489,3.556241796394598,3.3312833986095973,3.230361003907765,2.5264365794574104,2.3835738356109726,3.3637802096887737,1.8410730361004248,1.851522696382207
2009-08-31,2.1324509748603435,2.1244463608016977,3.1200586710874347,2.301198717986709,5.586892813310714,2.6674150175433238,2.167230528027976,3.266668855198009,3.7693186323745578,3.61328933160494,3.477701566807894,2.7192732531311328,2.563460529398552,3.6115670302847858,1.987061567860669,
2009-09-30,2.038706649613564,2.0306050924137424,2.9963646589731816,2.197868882936068,5.414906268807781,2.563963443603878,2.0828159983929635,3.128253870443728,3.644004256912936,3.4700311986596497,3.3400805305378647,2.6045031055895445,2.454861095865449,3.4745928554374905,1.8974515004573231,1.9450870476796605
2009-10-30,2.108852961871202,2.102853034331016,3.0944256019888767,2.280287676615629,5.6208203036881335,2.651170483355746,2.14627676153522,3.245594753933136,3.777235641613416,3.5789314380966943,3.454506849844499,2.6736176974997363,2.530121559858842,3.593133384436176,1.9583032448756428,
2009-11-30,2.2562596226640426,2.2510990594457327,3.336549415529361,2.438191319953639,6.119530607166113,2.8359977075535787,2.30856330872902,3.4894718371240803,4.045982173624647,3.860203390889154,3.704843762407657,2.8607091961726394,2.705986005620536,3.83545215375883,2.0919997666307664,2.0904639688262456
2009-12-31,2.249435271641327,2.242412802617889,3.3040799777661585,2.4251356382126827,6.115247085264528,2.830423768104644,2.3149962976222764,3.47285359829474,3.993922063005301,3.894436826628709,3.696663090539552,2.85951982886207,2.688882038095166,3.831229204452505,2.0885919143447373,
2010-01-29,2.376575027872044,2.370422813673005,3.504685634284465,2.566213570656949,6.5194778791056525,3.0027130702468043,2.438480983033008,3.682783966284081,4.247484861563692,4.136952403459507,3.925176237371644,3.032845339231714,2.847028711772352,4.09505256801226,2.2053933692955074,2.456726257845441
2010-02-26,2.5504246669997603,2.543724295534744,3.757436759073464,2.754273588609076,6.957718497409091,3.2242305686267674,2.6270904410998948,3.94378854801883,4.528144869340677,4.4320124144379545,4.201252033568522,3.23651435514165,3.042142741663646,4.384946447044866,2.366718436131834,
2010-03-31,2.743552303235635,2.7340959318016136,4.038576328088238,2.959104091332816,7.625751797449403,3.4565877837618384,2.8255892671835823,4.216704425956524,4.880477038544214,4.791263055420798,4.523305722587384,3.4675449621418406,3.2789510301567875,4.69313269525391,2.5541663930635177,2.3670978586752547
2010-04-30,2.530307225712165,2.522295149642451,3.73714555944256,2.7276563228941995,6.955715710375883,3.17498026636398,2.596342787865609,3.884031210189319,4.499729041199936,4.405966708407273,4.173652304388396,3.197009039658292,3.0212015092238067,4.325959087845225,2.355849166732074,
2010-05-28,2.4826285428735977,2.4746072372026218,3.702542201790149,2.680803154339358,6.731103233905584,3.1298500508352465,2.5746721385912155,3.820342401177084,4.436104612867134,4.329396928245579,4.131933067773542,3.136043247139404,2.969088827306265,4.271658276786815,2.315708255892655,2.2602593579861514
2010-06-30,2.6508625789738485,2.6408694612784727,3.989873264005415,2.860614049126805,7.294419290192279,3.3543156983785685,2.765835710288615,4.113220167294193,4.804865864212664,4.670602348758714,4.451991947759469,3.3753246605838023,3.164444236149052,4.620951428553189,2.463723061638815,
2010-07-30,2.5565408788037307,2.545196771929874,3.889896665030197,2.757235805509401,7.019890716120209,3.242675204900066,2.679666799324869,3.99539457926948,4.731689508519293,4.498711354225616,4.312880505436787,3.280024800482898,3.079619442230313,4.478948649428058,2.372321810169851,2.4566711866407704
2010-08-31,2.8316102283743274,2.817596185784541,4.308294325468784,3.045913812574199,7.81657913593636,3.5969409012102678,2.973660808594753,4.442318712262551,5.243344315536103,5.018924175850119,4.789092699994895,3.645149963841504,3.398074888111853,4.990848094237866,2.613886756101485,
2010-09-30,2.941256281728384,2.925899185917927,4.495818759213861,3.168592685632478,7.970609271435909,3.736684676073771,3.0843739622750856,4.618945035186727,5.373258765629204,5.269071497354499,5.008056829561212,3.79386367497028,3.5330717611574007,5.222451361165601,2.713491872846945,2.799845760795705
2010-10-29,3.0151885306010358,2.993765208738693,4.590982991519557,3.2452738379904456,8.110832112303855,3.8288603321710544,3.1683275626076486,4.73043056895938,5.401746122614782,5.358296726521306,5.124760157229932,3.8780923174050255,3.614509978207865,5.360619635203291,2.7774482617216845,
2010-11-30,3.241499586614198,3.2177109447370453,4.957406027503367,3.501035849776442,8.625985761477155,4.118132938435647,3.398246219782952,5.132428651492723,5.671173529791794,5.796590727363033,5.541070311158922,4.173654197081301,3.842651279395372,5.792222991349584,2.9731673209079275,3.147766170032669
2010-12-31,3.264107693908997,3.2408531241723235,4.997376527614105,3.534504068615436,8.864530627951684,4.149074628010555,3.456841280790046,5.18556528957977,5.826035893702692,5.901240265744041,5.622692737412671,4.236118540251587,3.900148073724694,5.826375606035074,3.0052043676899496,
2011-01-31,3.34569034074796,3.3252934358495683,5.12573905890341,3.6277524514598,8.98950283707478,4.253974993671638,3.546059764017268,5.309447757004034,5.957233980936612,6.030491017401538,5.759952365408119,4.3392583582836775,3.9798012343920304,5.976311075068893,3.0835626683293573,3.364499515321594
2011-02-28,3.3435467090655684,3.3248868393855298,5.112336037774207,3.627291994971828,8.970439609237353,4.234364586298527,3.541831704460528,5.315212110862751,6.037480989108179,6.045587867353404,5.7742259195294166,4.334007063476717,3.964774710492975,5.960710364594863,3.076047830500784,
2011-03-31,3.4294043741097093,3.408762411650778,5.254963997628889,3.7236223790465046,9.29423882413922,4.347859023726625,3.6344229389792,5.4420905023277335,6.207396956303964,6.23866135755597,5.926672684235643,4.4453222400435966,4.047200224654849,6.118378534164197,3.1414811459849905,3.253522950681735
2011-04-29,3.3464160779023446,3.3243754647325363,5.145359771399204,3.64478185890813,9.081994827637468,4.258412399348026,3.5575995130139613,5.354920058683103,6.018272843167449,6.160934740923674,5.838927066526859,4.358938568515409,3.957450735639867,6.047980865467081,3.0578130309850424,
2011-05-31,3.2478746809843355,3.224147607716198,5.029069195711611,3.551364869518653,9.02895073655584,4.152932307167434,3.468223121476582,5.210837971888227,5.833855020441437,5.974037561871822,5.680923260457663,4.208929139867352,3.82540937561856,5.835698934649572,2.954596640895008,2.8522413131451048
2011-06-30,3.167250155869071,3.140626187032556,4.913675676762476,3.4679223335924623,8.975405060289221,4.044135389231871,3.3905825565679937,5.080758454789408,5.815964273178573,5.824830131133795,5.556075681274197,4.092803616329616,3.736045262054049,5.716570064125727,2.8807800829892805,
2011-07-29,2.8090048839892745,2.789205169831009,4.402264174448205,3.08348738317199,8.0360400969609,3.609294847592645,3.0156801546989107,4.544268657971464,5.222424942184999,5.190927701413064,4.950983995339346,3.638326653447774,3.310498246945196,5.096899894374413,2.5599526605040848,2.641803589184889
2011-08-31,2.600789397860351,2.579462112725257,4.119455137186483,2.856849297747801,7.625578780168534,3.343522940349489,2.824207252503673,4.231872068934358,4.926855701172108,4.861534942618155,4.6697558483295785,3.397789791016625,3.102348687671961,4.800573075629727,2.354819516085054,
2011-09-30,3.005287035032449,2.9818294183269374,4.84031047472845,3.3067059031132566,9.0882707384617,3.870526848375986,3.2755323936731267,4.976357506913423,5.7908305234073625,5.7225950726687245,5.460765670474862,3.949748312086747,3.600183156047582,5.639351870072041,2.710255548245758,2.98146748727118
2011-10-31,2.8300455404822573,2.8063337742026984,4.568608114414385,3.1128507552526954,8.851029250362785,3.649740562409421,3.094258394237714,4.7009530970190365,5.579289872442385,5.412948797181635,5.158298548474402,3.7247333136783833,3.407792647150502,5.334870132210617,2.555019051662114,
2011-11-30,2.836270713705692,2.8099412718470536,4.618778013213624,3.1162044798656985,9.044382553341917,3.6765306219158713,3.12843442878846,4.733714335664324,5.324567600675371,5.426166971647101,5.155575137587594,3.737198198926528,3.4306994947269973,5.414948101668666,2.5624511118857805,3.341964451080981
2011-12-30,3.05741606269342,3.031457403226122,4.965417915972642,3.3614309713951585,10.209353795905932,3.9511697650312168,3.341339431959282,5.080642418470969,5.81391346089097,5.961648755188495,5.5935210625673575,4.036748227897656,3.682973861493251,5.8882454416976096,2.782217102037456,
2012-01-31,3.168935477114898,3.139815184986773,5.130281616722751,3.47918716867818,10.501087396923332,4.099325541870126,3.4447812059634977,5.249425785355064,5.963653094367359,6.184602956932188,5.782076605009949,4.1576490760505855,3.817480025592985,6.09160577667225,2.8827445781750427,3.4688883360594844
2012-02-29,3.240694939937939,3.2107660281740014,5.254142344418085,3.5593418461197635,10.752326279669862,4.198326320882485,3.492172730048113,5.3567685870397765,6.16975253175984,6.306002191823313,5.916160305587174,4.259454764823766,3.888762806727917,6.210278067565297,2.947834316034226,
2012-03-30,3.2087003451835563,3.1772476969309524,5.175355981699126,3.522070204189857,10.452073098440012,4.14871151885824,3.454429109565555,5.265979928397952,6.1109538941414,6.2289613163965125,5.852785792523519,4.187287787622495,3.850431715844948,6.129688995672523,2.9179931785518947,3.2270905983813907
2012-04-30,3.043944401394527,3.0096058808833317,4.916628971792057,3.342251464136758,9.87935010206166,3.934837532078879,3.3044166767038123,5.001523457764349,5.768005246908617,5.891139359992692,5.537456801539867,3.95806512671938,3.65880472705965,5.747612643527359,2.7609191064904617,
2012-05-31,3.0954401293729386,3.0607163973519462,5.006558859358438,3.402745475460117,10.094857196272006,4.017652182276168,3.345086502495276,5.095642224136676,5.860270725455558,5.97717075009808,5.63909711566667,4.034209473550269,3.739951371525413,5.85451955933467,2.8059855840338743,3.4543157560653794
2012-06-29,3.1044910336190408,3.0696350675449997,5.049012263533194,3.4147517691845515,10.78317288306683,4.048502954822255,3.365972231905189,5.119581492727598,5.93465529818205,6.126632973262657,5.752474531522772,4.061695083912587,3.7932340391849184,5.890295897041394,2.8151324618245543,
2012-07-31,3.187478197431021,3.1556378727015657,5.195498495546323,3.5106828647980546,11.292484508892697,4.170653431902919,3.4417245854771705,5.303640416191711,6.213521180576644,6.357249392445708,5.94706785499351,4.19181335921258,3.904832082059188,6.084270691545511,2.894493801798472,3.618309702464928
2012-08-31,3.315101331005897,3.282705728936988,5.382492143562892,3.657459937539476,11.718293811475371,4.33322272205299,3.61068854614184,5.511715991487905,6.510697580988409,6.633290391382111,6.177589923185274,4.342784159917791,4.057966544560428,6.318564693795918,3.0127385247087237,
2012-09-28,3.2551082482718194,3.2238466662453567,5.2703270361006105,3.589854224080694,11.620968844864754,4.253103536081549,3.553453887552299,5.398028439019369,6.382209141663747,6.514076065225441,6.062435968611595,4.251594523041091,3.9917400299589625,6.212749749153693,2.9582724917399204,3.626261538212834
2012-10-31,3.269589648483326,3.2352483769865072,5.32671766163163,3.592224451374639,11.579200579574582,4.283760884622466,3.558539423401255,5.427438814477542,6.42779135550675,6.534497356942654,6.056938453753105,4.250570432595941,4.019372520709408,6.221417045905371,2.971433911057209,
2012-11-30,3.341062843162939,3.3038498305017305,5.402141597190268,3.66758895787798,11.984649300837177,4.359563718047301,3.636042134325909,5.540058883296528,6.625191271653312,6.72463989240142,6.188511813305659,4.337715554801466,4.0981967391700405,6.360006813942686,3.035270697465517,3.946823019231304
2012-12-31,3.5797402075496643,3.5444023533978,5.856199516813399,3.928465543318179,13.29984809920319,4.706675505021415,3.8928650311397774,6.002031308439838,7.309655259990788,7.314239190542553,6.709951561777871,4.670520693963812,4.402537946708538,6.90632622575638,3.2486551094968785,
2013-01-31,3.6150088999890064,3.578366566710859,5.922556572076939,3.962963687602651,13.392670186560965,4.738677979018681,3.9303665395449223,6.045931899400462,7.318095149346535,7.405478948672595,6.753557227773498,4.7011572933072925,4.455973375607669,6.953508968687751,3.27777024528586,4.118322030230971
2013-02-28,3.753566927143265,3.720631672893733,6.17205887096836,4.118672778194199,13.960779114600689,4.923098099302194,4.098912589496393,6.277676731912551,7.551422640807204,7.710276418477675,7.0474254179853135,4.918802682538168,4.635162047349033,7.189657619752245,3.4050417735639784,
2013-03-28,3.7150199049370394,3.679486207288471,6.09086222441192,4.072965888983158,13.85284471763978,4.875301603268345,4.037413168863805,6.209336489265263,7.426298141618356,7.612870284673663,6.945914902756098,4.868206435689079,4.58694371625862,7.075421849340001,3.3759292912494128,4.081014160660895
2013-04-30,3.817099635716752,3.777420125947335,6.240746814737686,4.180587384533635,14.06960907260981,5.003359540301455,4.105515563613052,6.352983314712385,7.60075136399693,7.875604678112533,7.096855823831333,4.982207287682771,4.684038407383717,7.202019966743318,3.471106091356377,
2013-05-31,3.778496384277569,3.738212423331545,6.1591222348872,4.133533764417485,13.83120641332113,4.939029880583506,4.079467284209708,6.269687604733185,7.4896059551467395,7.766974222143532,7.009602859186596,4.940195033082171,4.631510494033092,7.1079470772276805,3.437693238745772,4.183851104914298
2013-06-28,3.994456483348378,3.9460003665907415,6.5506256605328765,4.379549622055528,14.807988107175966,5.245867581821563,4.307047172266808,6.65366617292263,8.063574224380535,8.25840753183726,7.491364945798994,5.215306651453955,4.913863148502823,7.526100059387321,3.6341216723007146,
2013-07-31,3.9184555717551457,3.869372192902073,6.373586757756795,4.291566671915189,14.457273965204982,5.151178611935101,4.2311243762028905,6.508738653563054,7.977093741429889,8.076840424678775,7.3348328232476865,5.105121251264506,4.827674237409458,7.367730668816259,3.568550422041543,4.476171058245378
2013-08-30,4.118273816929909,4.069456311324348,6.682122799877283,4.506300655188026,15.171851030960871,5.420770914416301,4.449711230119353,6.824021226145531,8.354854864884537,8.533286531877357,7.7418316950347315,5.350092119798644,5.073792447489444,7.694810579378509,3.757888136082742,
2013-09-30,4.2835640827502495,4.229995733696828,6.95014805109796,4.676108370959968,15.652474336492403,5.637997610769912,4.62726140989766,7.078484059158179,8.765647761576794,8.82589032233916,8.06214563167547,5.559153736502979,5.27485564074458,7.992846351032268,3.903753968719655,4.808158715017058
2013-10-31,4.393046955441506,4.339080836833233,7.108682116537997,4.799454553690784,16.158985229354872,5.794001882297499,4.745051318642181,7.268729846607623,9.077830980567237,9.070096324595522,8.270301705500097,5.708035950196468,5.386235337818665,8.197649822127325,4.00901076975092,
2013-11-29,4.489671878672585,4.437141236722155,7.254017166569333,4.907553540864025,16.260885037171324,5.927527802409122,4.843754039566976,7.42403979139528,9.316507094565557,9.221715953023327,8.406330116955344,5.822832752847127,5.503710554301259,8.351307294181803,4.094436535527076,5.044794422019424
2013-12-31,4.490171465853071,4.437955387771627,7.256990246866099,4.920230630284411,16.351403781555973,5.940487683741425,4.841029547583123,7.437406911188934,9.223330613994772,9.309707566160496,8.447102190318171,5.862773046566101,5.510919712025943,8.504814491666124,4.119857939424348,
2014-01-31,4.679449822410315,4.625862269027843,7.556017582106754,5.119617918952162,17.025369911618316,6.182677578655855,5.0239476534042495,7.747070882303373,9.565791614289212,9.669702911104228,8.782243435717769,6.090018529755506,5.713605098045665,8.842222576928451,4.289094028580647,5.206447936400307
2014-02-28,4.623503108297709,4.571911224245116,7.467387040032981,5.054278323206199,16.960535905296247,6.108662959797276,4.965178752354938,7.653167937086163,9.52169830657328,9.545735150872678,8.713858333459928,6.036799879824942,5.653790161309081,8.75246298265039,4.243129551236912,
2014-03-31,4.526565407568115,4.473828269836689,7.355529686093223,4.956218426360328,16.692280746515813,5.99806598919521,4.873241350352395,7.539334143409006,9.396535313669744,9.323344103872016,8.544233202822298,5.952112169926401,5.555776585287588,8.531496990979438,4.159734834511489,5.387024065217521
2014-04-30,4.579037670023759,4.523811912962207,7.466800524723812,5.005288100615364,16.92486953200582,6.074653431669561,4.916191998421558,7.6442414769827955,9.536367496863583,9.456867496172322,8.67318409530414,6.009868711490724,5.6247788617036845,8.656671669763986,4.20516343926205,
2014-05-30,4.766417501560202,4.711313011681315,7.774609359942384,5.205981347873353,17.706816168034607,6.326840864093927,5.104785025517338,7.960322071851724,10.19420468976172,9.873056975918992,8.999211404220588,6.252973390818518,5.826917669182458,9.002496994562964,4.372046304934179,5.592193280395106
2014-06-30,4.6480776244028,4.593207970654829,7.610050845679432,5.079557412722818,17.643127286149667,6.170547546888067,4.9648620189790655,7.80595576920576,10.007057939188938,9.742386460231064,8.822417109490384,6.125685646440618,5.699992003953966,8.833874016680248,4.267863534491366,
2014-07-31,4.802796553552144,4.749549859337235,7.878294572285238,5.251150197851104,18.319237222993763,6.384856220109387,5.127215793265313,8.080909865244731,10.372472754756046,10.097370106961518,9.138222539660134,6.327151740705373,5.884554410331533,9.148916595603149,4.405002258189155,5.540623563000544
2014-08-29,4.61888186900701,4.56613718121987,7.594130816826155,5.048768995462926,17.22588018289854,6.124927612841574,4.952810253272835,7.77935894636787,9.94744577009261,9.668588581002188,8.815658493823962,6.109527268201708,5.661851320158614,8.787808209200042,4.229297741519769,
2014-09-30,4.677791073235293,4.625491113521291,7.737180830712501,5.1096134303539404,17.367190720735564,6.2178931138946405,4.992665496781425,7.916486555564902,10.04934690930315,9.866569462814516,8.949614711138135,6.174545534281708,5.735966405034516,8.904851317767374,4.281863673727471,5.750494337209903
2014-10-31,4.596618699826037,4.545148383014453,7.624413535322998,5.0173004718442415,16.75539349241557,6.0994021825197215,4.893146801493749,7.713558917370428,9.816598467657473,9.547532683334229,8.80954855980778,6.107754531149788,5.669139880635663,8.666861086937491,4.206420316011954,
2014-11-28,4.609285677378689,4.556300869398017,7.633831555556421,5.033243475205171,15.740309575446656,6.116712849212752,4.883588881991714,7.656355551678677,9.457084197898062,9.366601459187168,8.664966646398295,6.122774597187107,5.615796752809024,8.567493514541436,4.229882405896984,5.85533266207741
2014-12-31,4.50014630445926,4.45037638336353,7.462481710157181,4.9263940372951245,15.687781923093931,5.984710381275703,4.748256468905813,7.449584228690094,9.197674733261271,9.072282793778324,8.495059643038203,5.95185903937804,5.465859458883957,8.38480860783229,4.129595500603747,
2015-01-30,4.771338882578311,4.71569903184152,7.870161337954944,5.2109237909957455,16.767968934336178,6.333286158109935,4.984393803031563,7.854640311552829,9.871205820845304,9.647530806265149,8.976857945233867,6.324322422246262,5.734839383051833,8.843149327090694,4.380422090341768,6.271178761414436
2015-02-27,4.732311162564556,4.67855953737112,7.821492239823493,5.16734730921368,16.594497808824787,6.304175498569243,4.969951875984825,7.789020993220602,9.72907156580338,9.563844637065726,8.912821942907591,6.293066689664498,5.695620103535258,8.767206506747398,4.3544771512741,
2015-03-31,4.834834264048792,4.779066827342711,8.025222003332246,5.265705066911269,17.17064235461927,6.428610326500137,5.058299103572704,7.92723017025201,9.94354186102036,9.845732755545844,9.168293068659564,6.4801141757232426,5.853901643437721,8.97168033812142,4.459308808870321,6.459843951505063
2015-04-30,4.862060351988823,4.8076440140942704,8.054328494216646,5.301965991234421,17.316622235701782,6.459690070415804,5.071563944773575,7.998146929959979,10.043956543345857,9.948654373507429,9.251516334050176,6.511103476740284,5.901504214713407,9.054059108862086,4.472129268489733,
2015-05-29,4.911307573082833,4.852064098238259,8.13938280748954,5.3587016470440565,17.194567915466756,6.52264845032043,5.139641754257389,8.105197591787839,9.987934091206316,10.02217878852572,9.345734209383156,6.584820872668625,5.945064180948919,9.113560078148335,4.505912060414764,5.694152726103479
2015-06-30,4.79531185544047,4.740383333964442,7.961208882680947,5.232747402863131,16.663239546487006,6.399347077507523,5.05195262775237,7.958144482177743,9.779536633002294,9.735541027266924,9.134515706750408,6.416371987371481,5.805922394078995,8.940014071422636,4.384227592517107,
2015-07-31,4.54553919497705,4.498384243077605,7.52237227540681,4.967451192584894,16.40284831606608,6.128933827277502,4.8028873052797545,7.569619559490161,9.82463484230717,9.260461026759552,8.76706752420839,6.114936555207192,5.511273597620878,8.5364247083273,4.172143044214996,5.418619665911768
2015-08-31,4.254265229554407,4.203912643821792,7.065372339139595,4.658457282317955,15.382500063731058,5.725059093899971,4.522145829242794,7.085207531547854,9.253209746206975,8.741391152460164,8.25736879968931,5.704300089697687,5.155844240126788,7.933314295068161,3.894985138527155,
2015-09-30,4.565609293641408,4.513155577769034,7.57519889228567,5.00616039358618,16.59167335257339,6.169296818295149,4.833407440616821,7.6269405259562975,10.136066783042398,9.430585324652418,8.8846678153896,6.124706761323296,5.503423878969962,8.590621308538898,4.166077865243167,5.669636599921517
2015-10-30,4.616638590623153,4.5629728528163565,7.671065737071333,5.059115277660893,16.82767645975556,6.219876950280233,4.91214561084098,7.7273178537808676,10.13639895030295,9.585244567704803,8.995513163035863,6.17852416866059,5.609003783002575,8.672088732408774,4.20694081269201,
2015-11-30,4.493455081773721,4.436421216954807,7.431076889354393,4.929959898764955,16.17375837748319,6.073462605483034,4.807327232540256,7.549955197104375,9.955462689148252,9.37061130976208,8.82637786543509,5.998748170796619,5.494464038901269,8.518822851549492,4.097936505450754,5.043740727621257
2015-12-31,4.141514857803799,4.0912875154802,6.931342110667001,4.561555239023881,15.128701467821625,5.652405634662578,4.433386561477549,7.026762825924124,9.177971561385831,8.700363909648337,8.202063524030653,5.575658460202228,5.078308936675781,7.911676996503367,3.770695468427044,
2016-01-29,4.16976301156109,4.1172190835701015,7.017184725346683,4.608937188623611,15.3749127293487,5.690875760857522,4.443426739360552,7.0222014861906485,9.21512237495108,8.87739390050124,8.259643623199207,5.633932753054665,5.097593965207733,7.932886720962494,3.795269674327316,5.843575597672093
2016-02-29,4.483722336626431,4.426103174780503,7.52669029565394,4.956656048503966,16.455419793975704,6.140570786580253,4.780836722156125,7.587489912339175,10.014995515487536,9.59083621426332,8.838790745388572,6.048476654140122,5.5005485845155535,8.516002921262881,4.074426979348174,
2016-03-31,4.65233891110023,4.592495236115759,7.729095544345744,5.129782539473895,17.199641397327415,6.363369627723283,4.925629356073607,7.8186408865642,10.360502282639477,9.933446346738284,9.131013347496015,6.270865189166457,5.685618696754048,8.794198517012047,4.241573744974092,5.93274169517379
2016-04-29,4.670616169708098,4.605875481642867,7.791493505647771,5.154472483420896,17.46012897124642,6.419519181682641,4.942220756266386,7.877012462727226,10.479759193336829,9.977268419355994,9.22381532179578,6.3079161740680165,5.699708195799117,8.884808416029928,4.248781743696273,
2016-05-31,4.583656667930964,4.515521432214718,7.637031280199702,5.048830592670393,17.714029357038957,6.332144144742136,4.788114847585415,7.759226036383593,10.27483999399365,9.85212792228934,9.191817528708713,6.237758835138334,5.54397597373294,8.727645328487034,4.158865217983219,6.377177794352964
2016-06-30,4.840501756319273,4.765570298270503,8.121013801613369,5.310353379986867,19.744757716587685,6.691836980711155,5.101161133672778,8.157593904342423,11.334540410909934,10.492753096773669,9.82999404534566,6.619164573010381,5.926716896296764,9.16938979773394,4.3821481256967605,
2016-07-29,4.892372844091332,4.825306125005583,8.25025227049213,5.377465389221053,19.689034598472503,6.786009240655456,5.150397204972424,8.271244073090791,11.261556455374114,10.681307606596167,9.899232494230665,6.681402460886174,6.040275300789074,9.256175173853354,4.436418601605403,6.427992600909424
2016-08-31,4.931111535662963,4.860449561095441,8.334867932770274,5.415551323094048,20.020645196635037,6.856469067392673,5.191281576418878,8.3030614314023,11.283273194354752,10.778594980236576,9.991000577331986,6.717339605040025,6.102001132498937,9.334638437320296,4.470222574542524,
2016-09-30,4.716408473296321,4.648983207530314,7.94432552798205,5.179953483743806,19.079862829017223,6.550234188710413,4.916665798207555,7.954648442316136,10.790484120349646,10.309745002518511,9.5363171891198,6.441820540002322,5.8278421480467655,8.918728670564883,4.284245294431376,6.697252815563574
2016-10-31,5.003840809923253,4.936722805108927,8.446553678418294,5.509786456363442,20.014419049118505,6.976078767248399,5.22187257085567,8.438942020069732,11.37712513839102,10.96567595313244,10.171077526841044,6.827548112232423,6.162847892982989,9.411216703383536,4.553412322023558,
2016-11-30,5.141641254332104,5.070630056592502,8.679067402973033,5.66929381615597,20.420601678299395,7.164147320861972,5.373462895751916,8.694549373651322,11.775188764003984,11.171784413786906,10.442674308083344,7.022223036238698,6.348409700266982,9.691528753609925,4.666334310935418,7.127465767998771
2016-12-30,5.254321363704159,5.18061821749354,8.868558147728232,5.791438648100946,21.087921947200336,7.349273730166963,5.480306540002558,8.916723804222528,12.103322175550533,11.51596648009551,10.706003598482948,7.171246675753216,6.5216666729335016,9.866153815240498,4.778118051866136,
2017-01-31,5.423948060579189,5.345909996192014,9.162034679512718,5.97979932808508,21.79106130392998,7.59523329095889,5.672216759642816,9.238959907245086,12.4517036580969,11.890280017387347,11.063832606801864,7.442382145018737,6.733410618666117,10.186946427399272,4.926959402661535,7.410316880877904
2017-02-28,5.396115247765024,5.318055494076346,9.089654036914334,5.948227331776943,21.36988200180827,7.550246075711374,5.629773545202975,9.152368047698957,12.166955901615994,11.731474392717928,10.934383194437324,7.384022117195689,6.675095608110893,10.080467206624066,4.903934747658808,
2017-03-31,5.45337673937423,5.375075756550053,9.160371559097117,6.016279480366866,21.178671031518636,7.633140872117757,5.676074283160851,9.19215971062228,12.08911724380815,11.761304125232671,11.011693924729109,7.435147963092232,6.710360135435049,10.180083347941862,4.949245651932037,7.598198989132658
2017-04-28,5.4244498051591865,5.347463854876432,9.077777380505127,5.980816439878757,20.522992837870586,7.5766036732784094,5.637107015556053,9.11717432036554,11.73865852823196,11.528993149792996,10.884242484340966,7.373634974309978,6.658367684583793,10.07501442397066,4.924120014450301,
2017-05-31,5.605442324480229,5.527444530018834,9.354106031970716,6.181047106214016,21.2625910446506,7.872048998530499,5.852463710199946,9.484058117495625,12.10680707924995,12.106365310886034,11.353929182702691,7.644053364322967,6.94167271783597,10.42071614357072,5.087359243910262,7.664148642669741
2017-06-30,5.678205805306509,5.595621480516434,9.485478725525898,6.266686810126425,21.71531822049677,8.005845688034317,5.933297287472331,9.591626145448688,12.425714174727416,12.26258872753287,11.536784342936718,7.768648663298078,7.043192775863274,10.55698222295744,5.149724421215764,
2017-07-31,5.5456818649717965,5.463357251420911,9.289176234246677,6.118470182408812,21.079266361319203,7.810643227600098,5.785956395494822,9.366328618187566,12.11927735973468,11.97815101737465,11.211913417847253,7.572417023287281,6.897636730339569,10.313285397205163,5.027464168509707,7.9974521209010705
2017-08-31,5.803329356224737,5.723513238875857,9.58519086971356,6.386223529026032,22.327738475995275,8.113633863087584,6.026034568707441,9.71795609226952,12.907661764419826,12.475743617275738,11.71875259062779,7.845304282005586,7.196223665578167,10.716209561979625,5.273906141554366,
2017-09-29,5.828922231056948,5.740424036923428,9.66210372836715,6.419202604948154,22.37755689359466,8.164567401747778,6.0697983882871815,9.786718692318148,12.842628298693011,12.495512177402444,11.71556653143787,7.858136733783484,7.218359644168487,10.692181748144312,5.286366109765573,8.321767128171212
2017-10-31,5.961833275369416,5.868002098575075,9.938842768951508,6.575757621154603,23.14095619024878,8.33459768920895,6.239187568514384,10.047722031682325,13.36604171454583,12.914185578759811,12.03060607923114,8.053468184013466,7.406675923242825,11.025719095469215,5.401452091552512,
2017-11-30,6.017099162817007,5.917412548108745,10.057338408865055,6.6284439300507785,23.250076349337544,8.42757157553226,6.276993961829881,10.108060564275544,13.363266806557004,13.0672539502962,12.13133424190409,8.144679297580682,7.443283604389425,11.082119768515245,5.452153941037562,8.218584710667056
2017-12-29,6.207126845167761,6.1031728448326055,10.429444080564306,6.841201185287066,24.13866716267945,8.711431416759627,6.487420387122944,10.422470377927509,13.881709802277037,13.51502849715446,12.487972696403355,8.355877372690674,7.692399617485032,11.44505298739944,5.621761057892984,
2018-01-31,5.931173840252788,5.828476634881835,9.930216577080108,6.535586372700995,22.9538203854071,8.336254975227865,6.188676987294397,9.922613610561193,13.217515772112622,12.904793422564124,11.926145005535387,7.988826762456164,7.383863393012808,10.865380476798096,5.373376097675544,8.047230230777954
2018-02-28,5.89494016474208,5.791516508838093,9.877529902562395,6.515427548585484,22.917446781930227,8.311784073029385,6.160048537044696,9.886416864702356,13.130877115001727,12.864103431424688,11.890519868853897,7.943021096167262,7.365945112155277,10.791705779239594,5.345501239910042,
2018-03-29,6.003160478260694,5.899362957348544,10.143508877525749,6.633908828756604,23.573513595579403,8.440637161716147,6.240243051077522,10.048969795328082,13.417296236961198,13.168895667230064,12.162512931431737,8.104631653379528,7.547598726044272,11.03638293196734,5.44525550928797,8.617841362321142
2018-04-30,6.238081144691778,6.126135843660496,10.45737850801109,6.889278924274048,24.8051361428318,8.768898112264491,6.517724643680633,10.450483811138112,14.56974206649871,13.660709713513146,12.623081746541974,8.39254111336704,7.86684794532402,11.490484884596764,5.643615925169825,
2018-05-31,6.2623737702590905,6.152777984726762,10.455091998854073,6.909239293778069,24.557638591177067,8.772806484270001,6.537559457915065,10.466195907515823,14.4489354744854,13.7239797234261,12.650131567993029,8.42800568021117,7.893389560358567,11.486755785066782,5.674327442210776,8.987611528438677
2018-06-29,6.266179363617069,6.157361891180524,10.460055669315588,6.902597600982719,24.730957331396443,8.777929607626028,6.499622947334318,10.528357310322304,14.709844595752047,13.783180315348012,12.72458698072252,8.458782096985239,7.940287998437488,11.542163681062734,5.6853450765776135,
2018-07-31,6.400685590744417,6.291511519044267,10.78884464953133,7.048428203696933,25.72727031328492,8.924586321931494,6.672385001548239,10.82333176351632,15.393782596729048,14.025751639078212,13.094204237129912,8.640022296509878,8.121685343087174,11.918607952005452,5.802936789348283,8.119151333922105
2018-08-31,6.303147405274057,6.193630087503355,10.637309514487155,6.939788421190915,25.588888594342645,8.809684710811812,6.585980853707579,10.654604658470818,15.290182423647927,13.832017046501212,12.938734487179946,8.525699263957726,7.994821738214856,11.80740336931918,5.716119076766306,
2018-09-28,5.632086721821204,5.539411977094355,9.534038335531283,6.207330469880648,22.68952683328906,7.890938623596334,5.880335143101801,9.49660751449297,13.487848514278882,12.318641319719124,11.60694774028944,7.648207475443199,7.139312528265274,10.529919316689266,5.124197026524988,6.604900972872713
2018-10-31,5.688764854605202,5.584567177618026,9.667692725402691,6.259400093330712,23.42458307809901,7.989027496497452,5.898486762412062,9.618491585974343,13.818487569695158,12.4688220039662,11.802695783206136,7.700249297461503,7.250556593995697,10.657544244547568,5.140096923305475,
2018-11-30,5.16841868336737,5.067368697430058,8.832551838159407,5.674059033758115,21.411157142135163,7.259114637794546,5.379557429684158,8.7875331697777,12.979146868115867,11.35346271618117,10.781199303394322,7.032982078595287,6.63753459849141,9.820638915312731,4.679943476785256,6.882439771376615
2018-12-31,5.832667341549624,5.715983957952217,10.130640155703595,6.400687756890841,25.235398670072943,8.204268542608547,6.106361335872443,9.923658430947189,15.011821416869076,13.086569168735044,12.244210306814075,7.873483758124572,7.487488470484001,11.165956162677883,5.275640407986738,
2019-01-31,6.118513431551167,6.005930455057866,10.64478488308512,6.720172705513652,26.5655113331416,8.607391039597454,6.393432244135438,10.450736379451564,15.731468870313083,13.81514222638634,12.932197069464326,8.265037842322332,7.797817195295348,11.740769747909244,5.530710354164574,7.338469215652839
2019-02-28,6.0419452166997765,5.9303639347834,10.539861812962018,6.642170849055543,26.311094453399413,8.509492349712904,6.2904308903199055,10.327009218635338,15.726393242394664,13.631841392650976,12.77100674991362,8.141022006553392,7.698325621486233,11.60304701395382,5.47209323266362,
2019-03-29,6.187329215332908,6.075641426447227,10.851529281528435,6.806322093855922,27.1828005099866,8.725899142596564,6.453041008203446,10.569181121420504,16.43398410359141,13.963936719383264,13.132199473947828,8.322216284353656,7.865602352092372,11.935893217380473,5.616503961278862,7.331864433778989
2019-04-30,5.81782802130747,5.71514893008206,10.094957899327328,6.392716128954643,25.19573963993099,8.200446117965237,5.971184339133967,9.752256759288583,15.023334030088758,12.887827006529722,12.203103742600788,7.774717344389243,7.342925252860288,10.97245322310046,5.286880205751306,
2019-05-31,6.155963492139761,6.048112720006908,10.77073010455512,6.772343980056415,26.963054544768863,8.687309193311885,6.293666949413966,10.359620598714503,15.958181931782043,13.69898008190871,12.962445517141171,8.265396085920138,7.735506773384299,11.656372103819525,5.585901159656297,7.344003079061829
2019-06-28,6.194817465881007,6.087578068787558,10.92334103875456,6.814163234456976,26.95704778371393,8.722424874274642,6.348256126500507,10.429203594122107,16.12262198323519,13.762435853172375,13.000826816617598,8.33280626616616,7.780036230531022,11.65198926560172,5.586165467663272,
2019-07-31,5.865099195278367,5.760271768130368,10.347147416840007,6.471709506371061,25.609219220511964,8.23491128402096,6.03635127627948,9.919544597116088,15.182055463167256,13.020883869107443,12.357926992888537,7.891437113838159,7.316615256792837,11.045511796128606,5.282582289785015,7.263955890865266
2019-08-30,5.965691810793741,5.863201664447598,10.416140045930057,6.591498356213743,25.96273115532663,8.36929372516123,6.103518777328012,10.10991809002922,15.293668163419207,13.340768162168164,12.501827951764302,8.0178628475185,7.432409021209241,11.221512668499107,5.392119651237643,
2019-09-30,6.080070029258693,5.974659343766975,10.650622362271829,6.707159216200671,26.623942500202435,8.527814930994806,6.229429677014497,10.391328137571964,15.5801445445809,13.541808444692183,12.7886481226044,8.191724382605713,7.555686903526214,11.476152647536622,5.4814264978156455,7.880648343063186
2019-10-31,6.2626022802596335,6.1497000969162885,10.905884672366014,6.909282206198978,26.81005490038842,8.80820647668964,6.407316663491545,10.671145426851878,15.834287081894937,13.861763720497631,13.123980955015076,8.399594125379945,7.809560074343104,11.816545362489029,5.649398835672546,
2019-11-29,6.48667953879676,6.376286252972045,11.234366424249597,7.146489210832546,27.64196872291113,9.07985235801381,6.600453897166411,10.961518313865335,16.271399855015943,14.364658862853108,13.533196184501708,8.711065215758628,8.016466952661329,12.126247668164254,5.870233598959825,7.431086444696872
2019-12-31,6.434826128786238,6.317329094869259,11.197671776945826,7.084790806352997,28.15107239399829,9.020548544351358,6.543818696741198,10.860550988026278,16.34272099413536,14.32710380503186,13.49656811047664,8.66404799765171,7.984287613135668,12.027312331943234,5.846503253603234,
